timestamp,user_id,username,password,agent_name,interaction_type,message,response,model,temperature,logprobs
2025-08-14 10:43:13.282335,1,test123,castle,default,message,hello,Hello! How can I help you today?,gpt-4.1,1,"[-1.306760805164231e-05, -3.4121114822482923e-06, -0.00014025058771949261, 0.0, 0.0, -0.07888978719711304, 0.0, -1.9361264946837764e-07, -5.512236498361744e-07]"
2025-08-14 10:43:24.886997,1,test123,castle,default,message,I am wondering what this app is?,"Great question! You are currently chatting with **ChatGPT**, an AI-powered assistant created by OpenAI. This platform lets you ask questions, seek explanations, brainstorm ideas, get learning assistance, generate text, or just have a conversation on a wide range of topics.

If you're using this through a specific website or app, some platforms customize how ChatGPT is presented, but at its core, it's a conversational AI here to try and help you.

Is there something specific you'd like to do or learn more about?",gpt-4.1,1,"[-0.3765980303287506, -5.200166469876422e-06, -8.006006828509271e-05, -0.8594521880149841, -2.0178158283233643, -0.3155512809753418, -0.7086585164070129, -0.00018530222587287426, -0.37854912877082825, -0.00877127330750227, 0.0, -0.03375622630119324, -0.03899412602186203, -0.06982548534870148, -2.218949794769287, -0.10666519403457642, -0.3714953064918518, -4.320199877838604e-07, -0.12947307527065277, 0.0, -0.021087490022182465, -0.4107551574707031, -3.8117282390594482, -1.232353925704956, -4.096126576769166e-05, -0.17957639694213867, -0.0031022541224956512, -0.008184152655303478, -1.4090884923934937, -0.8939470648765564, -0.004359740763902664, -1.133923053741455, -0.01867670938372612, -2.1008713702030946e-06, -0.25945085287094116, -8.366598129272461, -3.821094036102295, -6.301394023466855e-05, -2.601438522338867, -0.5234844088554382, -0.2858628034591675, -2.5873172283172607, -0.5187888741493225, -0.0570925734937191, -0.018952924758195877, -0.13028983771800995, -2.2402682304382324, -0.7985999584197998, -0.09931625425815582, -0.43110203742980957, -1.9361264946837764e-07, -0.0008068907191045582, -0.39559128880500793, -1.7856054306030273, -1.2327982187271118, -0.20350971817970276, -0.4026419222354889, -0.5805641412734985, -0.053151339292526245, -0.32754483819007874, -0.40418896079063416, -0.0892600491642952, -0.0922902449965477, -0.20511087775230408, -3.092095375061035, -0.7096108794212341, -5.239960670471191, -1.9611958265304565, -0.46829327940940857, 0.0, -0.4781314432621002, -0.7058369517326355, -1.3397575616836548, -0.032366953790187836, -0.4702131748199463, -0.14394637942314148, -0.0019514684099704027, -0.0069136954843997955, -0.5372065901756287, -1.58168363571167, -0.24856235086917877, -0.06642256677150726, -1.5627830028533936, -1.580929347255733e-05, -6.650138854980469, -0.9774186611175537, -0.042169250547885895, -0.1282758116722107, -1.0156539678573608, -0.3957250118255615, -9.014684110297821e-06, -0.3496605157852173, -0.047807276248931885, -0.670444905757904, -2.1008713702030946e-06, -0.04162270203232765, -0.7820641398429871, -0.020130718126893044, -0.8932135105133057, -0.392887681722641, 0.0, -0.0378546379506588]"
2025-08-14 10:43:43.405682,1,test123,castle,default,message,I want you to respond in one sentence,"Absolutely, I'll keep my responses to one sentence from now on!",gpt-4.1,1,"[-0.6508563160896301, -0.41300880908966064, -1.7216882705688477, -0.0288908239454031, -4.739826181321405e-05, -0.03185994178056717, -0.001246185740455985, -0.02567167580127716, -1.7835754988482222e-05, -0.42302581667900085, -0.0004307884373702109, 0.0, -0.8309499621391296]"
2025-08-14 10:43:49.930420,1,test123,castle,default,message,excellent,Thank you!,gpt-4.1,1,"[-5.9795445849886164e-05, 0.0, -4.3822154111694545e-05]"
2025-08-14 10:44:39.284688,1,test123,castle,default,message,more,Of course—let me know what topic or question you have in mind!,gpt-4.1,1,"[-0.9669652581214905, 0.0, -0.27001476287841797, -2.3043508529663086, 0.0, 0.0, -0.004175271838903427, -2.501526355743408, -0.03799845278263092, -0.009655395522713661, -0.32273849844932556, -0.5992947816848755, -0.022375987842679024, 0.0, -0.023298585787415504]"
2025-08-14 10:49:35.665743,2,hihi,castle,default,message,hello,Hello! How can I help you today?,gpt-4.1,1,"[-3.547789674485102e-05, -2.5776860184123507e-06, -0.000526938121765852, 0.0, 0.0, -0.10020667314529419, 0.0, 0.0, -3.128163257315464e-07]"
2025-08-14 10:49:38.763099,2,hihi,castle,default,message,hi,Hi again! 😊 What can I do for you?,gpt-4.1,1,"[-5.872261317563243e-05, -0.15317827463150024, -1.9361264946837764e-07, -0.17566634714603424, -0.04292701929807663, -0.4209510087966919, 0.0, -0.24401062726974487, -3.128163257315464e-07, 0.0, -0.5231239199638367]"
2025-08-14 10:49:38.774215,2,hihi,castle,default,message,hi,Hi again! 😊 What would you like to talk about or do today?,gpt-4.1,1,"[-0.00020497082732617855, -0.1969728171825409, 0.0, -0.3305380344390869, -0.05432659760117531, -1.1916791200637817, 0.0, 0.0, -4.723352049040841e-06, -0.11395185440778732, -6.704273118884885e-07, -0.0032873940654098988, -0.5583571791648865, -0.005254983901977539, -1.1472419600977446e-06]"
2025-08-14 10:49:38.943753,2,hihi,castle,default,message,hi,Hi again! What can I do for you today?,gpt-4.1,1,"[-0.00033581978641450405, -0.06411966681480408, 0.0, -1.3411495685577393, -0.3407537043094635, 0.0, -0.07235515117645264, -3.128163257315464e-07, 0.0, -0.6931476593017578, -5.512236498361744e-07]"
2025-08-14 10:49:39.022996,2,hihi,castle,default,message,hi,Hi there! 😊 What can I help you with today?,gpt-4.1,1,"[-0.0001589618914294988, -2.8270456790924072, -4.36574100604048e-06, -0.35227227210998535, -0.14512504637241364, -0.03901223838329315, 0.0, -3.7282190322875977, -2.935296834039036e-06, 0.0, -0.0485873706638813, -7.896309739408025e-07]"
2025-08-14 10:49:40.226138,2,hihi,castle,default,message,hi,"Hello! 😊 It looks like you're saying hi. If you have any questions or need help with something, just let me know!",gpt-4.1,1,"[-0.3870241045951843, -0.018746206536889076, -0.5393614172935486, -1.3518052101135254, -0.7017815709114075, 0.0, -2.1440324783325195, -0.41378599405288696, -0.47516992688179016, -3.167449474334717, -0.5677390098571777, -0.15910035371780396, -0.28716349601745605, -0.18220750987529755, -1.9027791495318525e-05, -0.0019324433524161577, -0.167017862200737, -0.25254565477371216, -0.03364662081003189, -0.0024756586644798517, -0.00014203863975126296, -0.0925171747803688, -7.896309739408025e-07, 0.0, 0.0, -0.0004689226043410599]"
